{
  "project_info": {
    "project_number": "916485659243",
    "firebase_url": "https://smileparking-769bc.firebaseio.com",
    "project_id": "smileparking-769bc",
    "storage_bucket": "smileparking-769bc.appspot.com"
  },
  "client": [
    {
      "client_info": {
        "mobilesdk_app_id": "1:916485659243:android:82a5468e83c26ad53baf2e",
        "android_client_info": {
          "package_name": "th.in.androidthai.smileparking"
        }
      },
      "oauth_client": [
        {
          "client_id": "916485659243-btq3jvokvnk3o5vhh516ia70va8va0kr.apps.googleusercontent.com",
          "client_type": 3
        }
      ],
      "api_key": [
        {
          "current_key": "AIzaSyAUCG3su3PfW3BlzXw4qe4RjaQUqWwQT0M"
        }
      ],
      "services": {
        "appinvite_service": {
          "other_platform_oauth_client": [
            {
              "client_id": "916485659243-btq3jvokvnk3o5vhh516ia70va8va0kr.apps.googleusercontent.com",
              "client_type": 3
            }
          ]
        }
      }
    }
  ],
  "configuration_version": "1"
}